招标单位,招标单位行业分类,项目名称,项目编号,截止日期,采购内容,源网址,与公司业务匹配度,匹配产品,匹配理由,不匹配依据,匹配一致性问题
宁夏职业技术大学（宁夏开放大学,教育,宁夏职业技术大学AI+特色产业产教融合服务平台及资源建设项目,D6400000141101961,2026-08-21 09:00:00,采购AI+特色产业产教融合服务平台及资源建设服务，涵盖平台系统定制开发和教学资源建设，预算440万元，合同期6个月,https://www.ggzy.gov.cn/information/deal/html/b/640000/0201/20260723/006434855a60b4104e5886f545be8581cedd.html,前往官网确认,无明确匹配产品,采购需求仅提及平台系统定制开发和教学资源建设，未明确具体AI能力场景，三个产品均缺乏直接或部分匹配的证据，评分均低于40，因此无匹配产品。,VZOOM企业级AI智能体：缺少对Agent/Skill、多智能体、知识库/RAG、智能问答/客服/助手、业务流程自动化等企业级AI智能体核心能力的需求描述（依据：本项目涵盖平台系统定制开发、教学资源建设等内容）；VZOOM财税大模型：缺少财税知识库、税务/会计/核算/发票/报销/审计、发票异常识别、财税辅助决策等财税场景需求（依据：本项目涵盖平台系统定制开发、教学资源建设等内容）；VZOOM AI中台：缺少AI中台/大模型平台、模型服务、推理平台、异构算力调度、统一数据治理、多智能体协同调度等能力需求（依据：本项目涵盖平台系统定制开发、教学资源建设等内容）,业务匹配度不是允许值
江西财经大学,教育,江西财经大学计算机与人工智能学院本科专业实验室采购项目,JXTC2026200235,2026-08-20 14:30:00,采购标的：计算机与人工智能学院本科专业实验室所需的各类设备、软件及家具；主要用途：建设计算机与人工智能学院本科专业实验室，支撑教学实验；核心需求：合同签订后60日内完成供货、安装、调试和培训、满足国家标准、行业规范和合同要求、不接受进口产品；模块/标包：空调机组、其他椅凳类、其他航空器及其配套设备、其他计算机软件、投影仪、专业摄像机和信号源设备、窗帘及类似品、存储用光纤交换机、工业机器人、服务器、会议椅、教学、实验椅凳、教学、实验用桌,https://www.ggzy.gov.cn/information/deal/html/b/360000/0201/20260729/0036490c7a97ae7c41f194e1421c619a549c.html,前往官网确认,无明确匹配产品,本项目为江西财经大学本科专业实验室采购项目，采购标的以硬件设备（服务器、工业机器人、投影仪、空调、家具等）为主，采购原文未提供任何与AI智能体、财税大模型或AI中台功能等价的需求描述。即使存在“其他计算机软件”品目，但公告中无具体软件功能说明，无法形成产品能力匹配。因此所有VZOOM产品均不匹配。,VZOOM企业级AI智能体：（依据：采购原文仅列出“其他计算机软件”品目，未描述具体软件功能；其他品目均为硬件设备或家具，未见AI相关需求。）；VZOOM财税大模型：（依据：采购原文未提及任何财税相关业务或知识库需求，项目为本科专业实验室建设，不涉及财税场景。）；VZOOM AI中台：（依据：采购原文仅列出服务器、存储用光纤交换机等硬件设备，未要求建设统一AI能力平台或模型开发部署平台。）,业务匹配度不是允许值
运城市盐湖区医疗集团慢阻肺,医疗卫生,运城市盐湖区医疗集团慢阻肺AI筛查系统采购项目,1408022026AGK00069,2026-08-20 08:30:00,采购标的为慢阻肺AI筛查系统软件及硬件；主要用于慢阻肺筛查；核心需求包括软件及硬件采购，交货期60天；单一标包,https://www.ggzy.gov.cn/information/deal/html/b/140000/0201/20260729/0014af21eb81922f4da0b50c5f58bdea1168.html,前往官网确认,无明确匹配产品,采购项目为医疗专用慢阻肺AI筛查系统软硬件采购，产品定位与需求均不涉及企业级AI智能体、财税大模型或AI中台的任何核心能力，且原文中无可核验的匹配证据，因此三个产品均不匹配。,VZOOM企业级AI智能体：缺少 Agent/Skill、多智能体、知识库/RAG、智能问答/客服/助手、业务流程自动化及AI应用编排等企业级AI智能体核心能力需求；项目仅要求慢阻肺AI筛查系统软件及硬件，未体现上述能力（依据：采购需求原文为“运城市盐湖区医疗集团慢阻肺AI筛查系统软件及硬件采购”，未提及任何Agent、Skill、多智能体或业务流程自动化需求。）；VZOOM财税大模型：缺少财税知识库、税务/会计/核算/发票/报销/审计、发票异常识别、财税辅助决策及财税场景下的供应链关联挖掘等财税大模型核心能力需求；项目为医疗领域慢阻肺筛查，与财税无关（依据：采购需求原文为“运城市盐湖区医疗集团慢阻肺AI筛查系统软件及硬件采购”，未涉及任何财税相关需求或场景。）；VZOOM AI中台：缺少 AI 中台/大模型平台、模型服务、推理平台、异构算力调度、统一数据治理、多智能体协同调度及企业级AI服务底座等能力需求；项目仅采购医疗筛查系统软硬件，未提及中台相关功能（依据：采购需求原文为“运城市盐湖区医疗集团慢阻肺AI筛查系统软件及硬件采购”，未包含模型服务、算力调度、数据治理或多智能体协同等AI中台特征。）,业务匹配度不是允许值
西南医科大学附属医院,医疗卫生,一体化系统AI能力提升服务,N5100012026002056,2026-08-19 09:30:00,采购标的：AI能力提升软件开发服务；主要用途：提升西南医科大学附属医院一体化系统的AI能力；核心需求：合同签订后2个月内完成所有功能开发上线,https://www.ggzy.gov.cn/information/deal/html/b/510000/0201/20260723/0051892c697fa3f449c2a8cde0dd6074aa39.html,前往官网确认,无明确匹配产品,采购原文仅模糊要求“AI能力提升软件开发服务”，未明确具体AI能力方向或功能细节，无法将任何产品与具体需求对应，所有产品均因缺乏可核验的原文证据而不匹配,VZOOM企业级AI智能体：采购原文未明确需要Agent/Skill、多智能体、知识库/RAG、智能问答/客服/助手或业务流程自动化等具体AI应用能力（依据：采购原文仅描述为“一体化系统AI能力提升服务”和“AI能力提升软件开发服务”，未提供任何具体功能需求描述）；VZOOM财税大模型：采购原文未提及任何财税相关需求，如税务、会计、核算、发票、报销、审计或供应链关联挖掘（依据：采购原文仅描述为“一体化系统AI能力提升服务”和“AI能力提升软件开发服务”，未出现财税相关词汇）；VZOOM AI中台：采购原文未提及需要AI中台/大模型平台、模型服务、推理平台、异构算力调度、统一数据治理或多智能体协同调度等能力（依据：采购原文仅描述为“一体化系统AI能力提升服务”和“AI能力提升软件开发服务”，未出现AI中台或平台相关要求）,业务匹配度不是允许值
拜城县人民医院,医疗卫生,拜城县医疗援疆“高峰工程”项目—拜城县医疗专科能力提升项目信息化部分（超声AI项目,bcx-gkzb-2026-051,2026-08-18 16:00:00,采购标的：超声AI实时辅助诊断系统、超声AI质控大模型系统、超声AI实时辅助检测系统及配套硬件；主要用途：提升拜城县医疗专科能力，通过超声AI技术辅助诊断、质控和检测；核心需求：超声AI实时辅助诊断系统、超声AI质控大模型系统、超声AI实时辅助检测系统、配套硬件、供货商签订合同后需在10个日历日入场，70日历日内完成硬件和软件安装、调试及系统部署；模块/标包：超声AI实时辅助诊断系统、超声AI质控大模型系统、超声AI实时辅助检测系统、配,https://www.ggzy.gov.cn/information/deal/html/b/650000/0201/20260724/006526a63a1c4dcd4c17b0f9dcd570596137.html,前往官网确认,无明确匹配产品,采购项目为医疗超声AI实时辅助诊断、质控和检测系统及配套硬件，属于特定医疗影像AI应用，与VZOOM企业级AI智能体、财税大模型和AI中台的核心能力场景均不匹配，原文中无任何证据支持VZOOM产品对应的能力需求。,VZOOM企业级AI智能体：缺少企业级AI智能体所需的Agent/Skill、多智能体、知识库/RAG、智能问答/客服/助手、业务流程自动化和AI应用编排等能力需求（依据：采购超声AI实时辅助诊断系统、超声AI质控大模型系统、超声AI实时辅助检测系统及配套硬件）；VZOOM财税大模型：缺少财税知识库、税务/会计/核算/发票/报销/审计、发票异常识别、财税辅助决策和供应链关联挖掘等财税场景能力需求（依据：采购超声AI实时辅助诊断系统、超声AI质控大模型系统、超声AI实时辅助检测系统及配套硬件）；VZOOM AI中台：缺少AI中台/大模型平台、模型服务、推理平台、异构算力调度、统一数据治理和多智能体协同调度等平台底座能力需求（依据：采购超声AI实时辅助诊断系统、超声AI质控大模型系统、超声AI实时辅助检测系统及配套硬件）,业务匹配度不是允许值
舟山建银工程造价审查中心有限公司关于舟渔学校,教育,舟渔学校AI科学科创空间设备采购项目,前往官网确认,2026-08-18 14:30:00,采购AI科学科创空间设备，用于舟渔学校科学科创空间建设，具体需求详见采购文件第二章，单一标包,https://www.ggzy.gov.cn/information/deal/html/b/330000/0201/20260728/0033ee5ea746e6fc447cb16111d924b0a533.html,前往官网确认,无明确匹配产品,采购项目为AI科学科创空间设备，仅涉及硬件设备采购，未提供任何与VZOOM企业级AI智能体、财税大模型、AI中台相关的软件能力需求或应用场景描述，因此三个产品均无法匹配。,VZOOM企业级AI智能体：缺少对Agent/Skill、多智能体、知识库、智能问答、业务流程自动化或AI应用编排等能力的明确需求（依据：采购AI科学科创空间设备，用于舟渔学校科学科创空间建设，具体需求详见采购文件第二章，单一标包。）；VZOOM财税大模型：缺少对财税知识库、税务/会计/核算/发票/报销/审计、发票异常识别或财税辅助决策等财税场景能力的明确需求（依据：采购AI科学科创空间设备，用于舟渔学校科学科创空间建设，具体需求详见采购文件第二章，单一标包。）；VZOOM AI中台：缺少对AI中台/大模型平台、模型服务、推理平台、异构算力调度、统一数据治理或多智能体协同调度等软件能力的明确需求（依据：采购AI科学科创空间设备，用于舟渔学校科学科创空间建设，具体需求详见采购文件第二章，单一标包。）,业务匹配度不是允许值
重庆城市管理职业大学,教育,重庆城市管理职业大学AI智慧教室扩建项目（设备及配套,CQS26A03120,2026-08-18 14:00:00,采购标的：教学设备和教学桌椅；主要用途：用于AI智慧教室扩建；核心需求：单屏分辨率≥3840×2160、可视角度≥178°、屏幕对比度4000:1、亮度≥350nit、灰度等级≥256级、座位间距900mm(前后排距)×555mm（中心距）×750mm(桌面高度）（±5mm）；模块/标包：教学设备、教学桌椅,https://www.ggzy.gov.cn/information/deal/html/b/500000/0201/20260723/00507c804c3a16b14e309ad91c0d162c9780.html,前往官网确认,无明确匹配产品,采购方本次采购内容为AI智慧教室扩建所需的硬件设备（教学屏幕及教学桌椅），核心需求集中在显示参数、对比度、亮度、灰度、物理尺寸等，无任何AI软件平台、智能体、财税模型或AI中台相关功能需求。VZOOM三款产品均为AI软件能力产品，与纯硬件采购项目不匹配，评分均为0分。,VZOOM企业级AI智能体：（依据：单屏分辨率≥3840×2160，可视角度≥178°，屏幕对比度4000:1，亮度≥350nit，灰度等级≥256级；座位间距：900mm(前后排距）×555mm（中心距）×750mm(桌面高度）（±5mm））；VZOOM财税大模型：（依据：单屏分辨率≥3840×2160，可视角度≥178°，屏幕对比度4000:1，亮度≥350nit，灰度等级≥256级；座位间距：900mm(前后排距）×555mm（中心距）×750mm(桌面高度）（±5mm））；VZOOM AI中台：（依据：单屏分辨率≥3840×2160，可视角度≥178°，屏幕对比度4000:1，亮度≥350nit，灰度等级≥256级；座位间距：900mm(前后排距）×555mm（中心距）×750mm(桌面高度）（±5mm））,业务匹配度不是允许值
辽宁职业学院,教育,辽宁职业学院产教图谱AI数智化教学评价平台项目采购 包组编号：001,JH26-210000-43552,2026-08-18 13:30:00,采购标的：产教图谱AI数智化教学评价平台；主要用途：用于教学评价,https://www.ggzy.gov.cn/information/deal/html/b/210000/0201/20260727/0021cfd997f53eaa4d15a984af71cdd42b90.html,前往官网确认,无明确匹配产品,采购公告仅提供项目名称和预算，未披露具体技术需求和功能规格，无法从原文中提取与VZOOM产品对应的AI智能体、财税大模型或AI中台能力的直接证据。所有产品均因缺少可核验的采购需求而无法匹配。,VZOOM企业级AI智能体：缺少对智能体、技能、多智能体协同、工作流编排等企业级AI智能体核心能力的需求描述（依据：采购需求： 查看 以文件为准）；VZOOM财税大模型：缺少任何财税相关需求，如财税知识库、发票识别、报销审计、税务辅助决策等（依据：项目名称：辽宁职业学院产教图谱AI数智化教学评价平台项目采购）；VZOOM AI中台：缺少对AI中台/大模型平台、模型服务、推理平台、异构算力调度、统一数据治理等能力的具体需求描述（依据：采购需求： 查看 以文件为准）,业务匹配度不是允许值
成都轻工职业技术大学,教育,AIGC在纺织非遗文创产品的应用实践平台（国际版）项目,N5100012026001768,2026-08-18 10:30:00,采购标的：AIGC在纺织非遗文创产品的应用实践平台（国际版）相关软硬件或服务；主要用途：用于纺织非遗文创产品的AIGC应用实践教学与开发,https://www.ggzy.gov.cn/information/deal/html/b/510000/0201/20260728/00519b60a7859ac844a282667710b75f0b69.html,低,无明确匹配产品,采购项目为纺织非遗文创产品的AIGC应用实践平台，没有明确的企业级AI智能体、财税大模型或AI中台所需的核心能力需求，原文证据仅停留在项目名称和用途，无法支持任何产品直接或明确部分匹配，因此所有产品得分低于65分，matched_products为空。,VZOOM企业级AI智能体：缺少对Agent/Skill、多智能体、业务流程自动化或AI应用编排等核心能力的明确需求（依据：采购需求中仅描述“AIGC在纺织非遗文创产品的应用实践”，未提及Agent、Skill、工作流编排或具体的业务场景（如信贷、合规等），原文无可核验证据支持企业级AI智能体的匹配。）；VZOOM财税大模型：缺少财税知识库、税务/会计/核算/发票/报销/审计、发票异常识别等财税相关能力需求（依据：项目用途为“纺织非遗文创产品的AIGC应用实践”，采购标的未涉及任何财税场景，原文无任何财税关键词。）；VZOOM AI中台：缺少对AI中台/大模型平台、异构算力调度、统一数据治理或多智能体协同调度等核心能力的需求（依据：原文仅给出项目名称和预算，未提及“AI中台”“大模型平台”“算力调度”“数据治理”等关键词，也无模型服务或推理平台相关要求，证据不足以支持AI中台匹配。）,前往官网确认
北京师范大学附属实验中学顺义学校,教育,AI交互助学助教项目,11011326210200027234-XM001,2026-08-18 09:30:00,前往官网确认,https://www.ggzy.gov.cn/information/deal/html/b/110000/0201/20260728/00114d9beadc8a9647ef97c8ca526438fc09.html,前往官网确认,无明确匹配产品,采购需求主要为硬件设备租赁和软件授权，未体现企业级AI智能体、财税大模型或AI中台所需的关键软件能力，所有产品均无直接或明确的部分匹配证据。,VZOOM企业级AI智能体：采购需求中未提及需要Agent/Skill、多智能体协同、工作流编排或业务流程自动化等企业级AI智能体核心能力，主要需求为硬件设备租赁和软件授权服务（包括数据采集设备、数据查看设备、应用软件授权、学科基础服务、AI题目切片与标注服务）。（依据：聘请第三方公司为北京师范大学附属实验中学顺义学校进行为期三年的硬件设备租赁服务及一年的软件授权服务，包括数据采集设备、数据查看设备、应用软件授权、学科基础服务、AI题目切片与标注服务等。）；VZOOM财税大模型：采购需求中无任何财税相关需求（如财税知识库、税务、会计、核算、发票报销、审计等），项目聚焦AI交互助学助教，与财税垂类大模型无关联。（依据：AI交互助学助教项目...聘请第三方公司为北京师范大学附属实验中学顺义学校进行为期三年的硬件设备租赁服务及一年的软件授权服务，包括数据采集设备、数据查看设备、应用软件授权、学科基础服务、AI题目切片与标注服务等。）；VZOOM AI中台：采购需求中未提及需要AI中台/大模型平台、模型服务、推理平台、异构算力调度、统一数据治理或多智能体协同调度等能力，仅涉及硬件设备租赁和软件授权服务，无AI服务底座需求。（依据：聘请第三方公司为北京师范大学附属实验中学顺义学校进行为期三年的硬件设备租赁服务及一年的软件授权服务，包括数据采集设备、数据查看设备、应用软件授权、学科基础服务、AI题目切片与标注服务等。）,业务匹配度不是允许值
或代理机构在递交投标文件,其他,关于购买贵阳贵安养老服务机构食堂“互联网+AI明厨亮灶”监控服务,TXZB428-2628,2026-08-18 09:30:00,采购标的：监控服务，包括AI摄像头和普通摄像头的租赁及相关配套服务；主要用途：用于贵阳贵安养老服务机构食堂的“互联网+AI明厨亮灶”监控；核心需求：预计租赁1010个AI摄像头、505个普摄像头及相关配套服务、具体部署数量待养老机构食堂分区设计完成后据实据需部署安装和结算、合同履约期限三年，一年一签（每年考核通过后单独签订合同,https://www.ggzy.gov.cn/information/deal/html/b/520000/0201/20260728/0052df8ea3e536ec45ec8c616158fa09b39f.html,前往官网确认,无明确匹配产品,采购项目为摄像头租赁及配套监控服务，属于硬件和基础监控范畴，未涉及任何企业级AI智能体、财税大模型或AI中台相关的软件能力需求，因此三个产品均不匹配。,VZOOM企业级AI智能体：采购需求仅涉及AI摄像头和普通摄像头的租赁及相关配套服务，未提及任何Agent/Skill、多智能体、知识库/RAG、智能问答/客服/助手、业务流程自动化或AI应用编排等企业级AI智能体能力。（依据：预计租赁1010个AI摄像头、505个普摄像头及相关配套服务）；VZOOM财税大模型：采购需求不涉及财税知识库、税务/会计/核算/发票/报销/审计、发票异常识别、财税辅助决策或供应链关联挖掘等财税大模型能力。（依据：预计租赁1010个AI摄像头、505个普摄像头及相关配套服务）；VZOOM AI中台：采购需求未提及AI中台/大模型平台、模型服务、推理平台、异构算力调度、统一数据治理、多智能体协同调度或企业级AI服务底座等AI中台能力，仅涉及摄像头租赁及监控服务。（依据：预计租赁1010个AI摄像头、505个普摄像头及相关配套服务）,业务匹配度不是允许值
浙江浙能港口运营管理有限公司,交通物流,港口运营公司2026年AI安全监管系统建设,前往官网确认,2026-08-18 09:30:00,采购标的：AI安全监管系统；主要用途：用于港口运营的安全监管；核心需求：具备AI智能分析视频功能、设备需无缝接入公司综合安防平台（海康威视ISC系统）、投标人需提供至少1个40万元及以上AI智能分析视频类相关业绩,https://www.ggzy.gov.cn/information/deal/html/b/330000/9001/20260728/00337397ffa8cd9945b2841dc20937459262.html,低,无明确匹配产品,本项目为港口运营AI安全监管系统，核心需求为AI智能分析视频功能及无缝接入海康威视ISC平台。三个产品均缺乏直接对应上述需求的原文证据：企业级AI智能体未覆盖视频分析场景，财税大模型不涉及安防或视频，AI中台未要求中台化能力。因此无产品满足65分以上匹配条件，公司相关等级为low。,VZOOM企业级AI智能体：项目要求AI智能分析视频、无缝接入海康威视ISC平台，但企业级AI智能体产品描述中未明确支持视频分析Agent或安防平台集成能力，且无原文要求Agent/Skill或工作流编排。（依据：具备AI智能分析视频功能 设备需无缝接入公司综合安防平台（海康威视ISC系统））；VZOOM财税大模型：项目需求为港口安全监管下的AI视频分析，未涉及任何财税知识库、发票、报销、审计或财税辅助决策等财税场景能力。（依据：AI安全监管系统建设项目 具备AI智能分析视频功能）；VZOOM AI中台：项目未要求异构算力调度、统一数据治理、多智能体协同调度或AI服务底座等中台能力，仅要求AI视频分析功能及接入现有安防平台。（依据：具备AI智能分析视频功能 设备需无缝接入公司综合安防平台（海康威视ISC系统））,前往官网确认
浙江明达工程造价咨询有限公司,其他,义乌民用航空站行、旅检AI质控图像回查设备采购项目,前往官网确认,2026-08-18 09:30:00,采购标的：行、旅检AI质控图像回查设备；主要用途：用于义乌民用航空站旅客行李和旅检的AI质控图像回查；核心需求：合同签订后30日历天内完成全套设备供货到场、货物到场后20日历天内完成软硬件布设、安装调试、初验通过后试运行一个月，试运行通过后终验,https://www.ggzy.gov.cn/information/deal/html/b/330000/0201/20260728/003372806dc6d9e44948a9d5373f8db27059.html,前往官网确认,无明确匹配产品,项目采购'行、旅检AI质控图像回查设备'，核心为设备供货、安装调试及试运行，无任何企业级AI智能体、财税大模型或AI中台相关软件平台需求，依据采购原文无法建立产品能力匹配。,VZOOM企业级AI智能体：缺少Agent/Skill、多智能体协同、知识库/RAG、智能问答、业务流程自动化、AI应用编排等企业级AI智能体能力需求（依据：义乌民用航空站行、旅检AI质控图像回查设备采购项目）；VZOOM财税大模型：缺少财税知识库、税务/会计/核算/发票/报销/审计、发票异常识别、财税辅助决策、供应链关联挖掘等财税大模型能力需求（依据：义乌民用航空站行、旅检AI质控图像回查设备采购项目）；VZOOM AI中台：缺少AI中台/大模型平台、模型服务、推理平台、异构算力调度、统一数据治理、多智能体协同调度等AI中台核心能力需求，且采购仅为硬件设备而非AI服务底座（依据：采购行、旅检AI质控图像回查设备，用于旅客行李和旅检的AI质控图像回查，要求30天内供货到场，20天内完成软硬件布设安装调试，试运行一个月。）,业务匹配度不是允许值
庆阳市老年助餐点,其他,庆阳市老年助餐点 AI智慧助餐系统建设项目,QYZC2026-0143,2026-08-18 09:00:00,采购标的：AI智慧助餐系统；主要用途：用于全市老年助餐点的智慧助餐服务,https://www.ggzy.gov.cn/information/deal/html/b/620000/0201/20260728/00626770a8b7f19f42ec86ae74292f028150.html,低,无明确匹配产品,采购需求仅笼统描述“AI智慧助餐系统”，未提供具体技术参数及功能要求，无法从原文中提取与VZOOM企业级AI智能体、财税大模型或AI中台对应的关键能力证据，因此无法实现产品匹配。,VZOOM企业级AI智能体：缺少 Agent/Skill 引擎、多智能体协同、工作流编排等企业级AI智能体核心能力需求（依据：为全市老年助餐点建设AI智慧助餐系统。（具体参数及要求详见招标文件））；VZOOM财税大模型：缺少财税知识库、发票异常识别、供应链关联挖掘等财税场景能力需求（依据：为全市老年助餐点建设AI智慧助餐系统。（具体参数及要求详见招标文件））；VZOOM AI中台：缺少AI中台/大模型平台、模型服务、异构算力调度、统一数据治理、多智能体协同调度等能力需求（依据：为全市老年助餐点建设AI智慧助餐系统。（具体参数及要求详见招标文件））,前往官网确认
兰州石化职业技术大学,教育,兰州石化职业技术大学AI网络安全靶场实训室项目,甘财采备字[2026]06721号,2026-08-18 09:00:00,采购标的：AI网络安全靶场实训室；主要用途：用于网络安全靶场实训教学；核心需求：合同签订后60日历天内完成交付,https://www.ggzy.gov.cn/information/deal/html/b/620000/0201/20260727/006207c42f4e473843eda49d69d66704ce0b.html,前往官网确认,无明确匹配产品,采购标的为AI网络安全靶场实训室，采购原文仅明确项目名称和用途为网络安全靶场实训教学，未提供任何与VZOOM三款产品能力对应的具体功能需求或技术规格描述，因此无法建立有效匹配。,VZOOM企业级AI智能体：采购需求中未提及任何关于Agent/Skill、多智能体、知识库/RAG、智能问答/客服/助手、业务流程自动化或AI应用编排等企业级AI智能体核心能力的要求（依据：采购标的为AI网络安全靶场实训室，用于网络安全靶场实训教学，核心要求为合同签订后60日历天内完成交付）；VZOOM财税大模型：采购需求中未提及任何关于财税知识库、税务/会计/核算/发票/报销/审计、发票异常识别、财税辅助决策或供应链关联挖掘等财税大模型相关能力的要求（依据：采购标的为AI网络安全靶场实训室，用于网络安全靶场实训教学，核心要求为合同签订后60日历天内完成交付）；VZOOM AI中台：采购需求中未提及任何关于AI中台/大模型平台、模型服务、推理平台、异构算力调度、统一数据治理或多智能体协同调度等AI中台核心能力的要求，且项目为实训室设备采购，并非仅为GPU、服务器等硬件需求（依据：采购标的为AI网络安全靶场实训室，用于网络安全靶场实训教学，核心要求为合同签订后60日历天内完成交付）,业务匹配度不是允许值
石家庄市乐创街小学,教育,石家庄市乐创街小学电烤箱操作台互联网+明厨亮灶+AI智慧监管等食堂设备，学生及功能室课桌椅，教学器材等采购项目,SJZGK20261315,2026-08-18 08:45:00,采购标的：食堂设备（含互联网+明厨亮灶+AI智慧监管）、学生及功能室课桌椅、教学器材等；主要用途：用于石家庄市乐创街小学食堂、教室及功能室的教学和后勤保障；核心需求：合同履行期限：10个日历天内送至采购人指定地点并完成安装、调试等全部工作、本项目专门面向中小微企业采购、二标段供应商须具有《中华人民共和国出版物经营许可证》；模块/标包：一标段：食堂设备、学生及功能室课桌椅等、二标段：教学器材等,https://www.ggzy.gov.cn/information/deal/html/b/130000/0201/20260727/00132ebc02e63f574298a411bcd9ba1f6f0c.html,前往官网确认,无明确匹配产品,采购项目为小学食堂设备（含硬件级AI监管功能）、课桌椅及教学器材，核心需求为设备供货安装调试及出版物经营许可，未见任何企业级AI智能体、财税大模型或AI中台的软件平台或能力需求，故三款产品均不匹配。,VZOOM企业级AI智能体：采购需求中未提及智能客服、业务流程自动化、多智能体协同等企业级AI智能体能力，仅涉及硬件设备（食堂设备、课桌椅、教学器材）及简单AI监管标签，无Agent/Skill或工作流编排需求（依据：石家庄市乐创街小学电烤箱操作台互联网+明厨亮灶+AI智慧监管等食堂设备，学生及功能室课桌椅，教学器材等采购项目公开招标公告）；VZOOM财税大模型：采购需求未涉及财税知识库、发票异常识别、税务/会计/核算等财税场景，项目为小学后勤设备采购，无任何财税辅助决策或供应链关联挖掘需求（依据：采购需求：本项目共分为两个标段…一标段：食堂设备、学生及功能室课桌椅等；二标段：教学器材等）；VZOOM AI中台：采购需求仅为食堂设备（含AI智慧监管硬件）、课桌椅、教学器材等实体物资，未要求AI中台/大模型平台、模型服务、异构算力调度、多智能体协同调度等软件平台能力（依据：石家庄市乐创街小学电烤箱操作台互联网+明厨亮灶+AI智慧监管等食堂设备，学生及功能室课桌椅，教学器材等采购项目）,业务匹配度不是允许值
上海市敬业中学,教育,上海市敬业中学 敬业中学GeoAI（地理空间人工智能）创新实验室项目配套设备项目 预算编号： 0126-000198862,前往官网确认,2026-08-17 09:30:00,采购标的：GeoAI创新实验室配套设备；主要用途：用于建设地理空间人工智能创新实验室，支持教学与研究；核心需求：交货期：合同签订后30日历天内交付、质保期：不少于3年,https://www.ggzy.gov.cn/information/deal/html/b/310000/0201/20260727/003162f35dfbdfad431f82eed344de0c47bf.html,前往官网确认,无明确匹配产品,采购项目为GeoAI创新实验室配套设备采购，属于货物类，未包含任何企业级AI智能体、财税大模型或AI中台所需的软件平台或核心能力需求，因此三个产品均无法匹配。,VZOOM企业级AI智能体：采购需求中未提及任何Agent/Skill、多智能体、业务流程自动化或AI应用编排能力，仅采购地理空间人工智能创新实验室配套设备（依据：包名称： 上海市敬业中学 敬业中学GeoAI（地理空间人工智能）创新实验室项目配套设备项目； 数量：1 预算金额（元）：1646740元 简要规格描述或项目基本概况介绍、用途： （1）项目属性：货物类）；VZOOM财税大模型：采购需求中未提及任何财税知识库、税务/会计/核算/发票/报销/审计、发票异常识别或财税辅助决策等能力，项目为地理空间AI实验室配套设备采购（依据：包名称： 上海市敬业中学 敬业中学GeoAI（地理空间人工智能）创新实验室项目配套设备项目； 数量：1 预算金额（元）：1646740元 简要规格描述或项目基本概况介绍、用途： （1）项目属性：货物类）；VZOOM AI中台：采购需求中未提及AI中台/大模型平台、模型服务、推理平台、异构算力调度、统一数据治理或多智能体协同调度等能力，仅采购实验室配套设备，无软件平台需求（依据：包名称： 上海市敬业中学 敬业中学GeoAI（地理空间人工智能）创新实验室项目配套设备项目； 数量：1 预算金额（元）：1646740元 简要规格描述或项目基本概况介绍、用途： （1）项目属性：货物类）,业务匹配度不是允许值
云南民族大学附属中学,教育,云南民族大学附属中学AI赋能数智化底座与应用教研项目,YNZC2026-G1-04462-YYZX-0443,2026-08-17 09:30:00,采购标的：数智化基座管理、管理应用、AI远程教研应用；主要用途：为云南民族大学附属中学提供AI赋能的教学教研信息化支撑；核心需求：覆盖莲华、呈贡各校区、包含数智化基座管理、管理应用、AI远程教研应用三部分、合同签订后90日历天内完成交货、安装及调试、整体投标，不得缺项漏项、不允许进口产品投标；模块/标包：数智化基座管理、管理应用、AI远程教研应用,https://www.ggzy.gov.cn/information/deal/html/b/530000/0201/20260726/005394d840ac4beb4587a39212210d8da752.html,高,VZOOM AI中台,VZOOM AI中台直接匹配'数智化基座管理'需求，作为AI底座与项目'AI赋能数智化底座'高度一致；企业级AI智能体缺乏Agent/Skill等关键证据，财税大模型完全无关联，故仅匹配AI中台。,VZOOM企业级AI智能体：采购需求中未提及Agent/Skill框架、多智能体、工作流编排等企业级AI智能体核心能力，缺少对智能体或AI应用编排的明确要求。（依据：需采购数智化基座管理、管理应用、AI远程教研应用，但未涉及Agent或Skill相关描述。）；VZOOM财税大模型：采购需求为中学教学教研，无任何财税知识库、发票识别、税务会计等财税场景需求，完全不对应。（依据：采购需求描述为数智化基座管理、管理应用、AI远程教研应用，未出现财税相关术语。）,前往官网确认
行唐县教育局本级,教育,行唐县2026年智能研修平台、初中理化生实验室AI考评系统购置项目,HBLH2026-07N06,2026-08-17 09:15:00,采购标的：智能研修平台和初中理化生实验室AI考评系统；主要用途：用于支持教师智能研修和初中理化生实验考试的AI考评；核心需求：合同签订后30日历天内供货并安装调试完毕；模块/标包：A包: 智能研修平台采购、B包: 初中理化生实验室AI考评系统采购,https://www.ggzy.gov.cn/information/deal/html/b/130000/0201/20260724/00130de236da7e8746349c09536d76f5cb16.html,前往官网确认,无明确匹配产品,采购需求明确为购置智能研修平台和AI考评系统成品，属于标准化软件采购，未包含企业级AI智能体、财税大模型或AI中台所需的核心能力证据，因此三个产品均无法匹配。,VZOOM企业级AI智能体：原文未要求Agent编排、技能组合、智能体协同等企业级AI智能体相关能力，仅提及“智能研修平台”和“AI考评系统”的成品采购，缺乏证据支持产品功能对应。（依据：采购智能研修平台和初中理化生实验室AI考评系统）；VZOOM财税大模型：项目无任何财税相关需求（如税务、会计、核算、发票报销、审计等），产品能力完全不适用。（依据：采购智能研修平台和初中理化生实验室AI考评系统）；VZOOM AI中台：原文未涉及AI平台建设、模型服务、异构算力调度、数据治理或多智能体协同等AI中台核心功能，仅为成品系统采购。（依据：采购智能研修平台和初中理化生实验室AI考评系统）,业务匹配度不是允许值
百色市田阳区教育局,教育,百色市田阳区2026年中小学AI+智慧教育建设项目(设备部分） 预算总金额（元,BSZC2026-G1-210059-GXKL,2026-08-17 09:00:00,采购标的：AI+智慧教育相关的硬件设备及软件服务；主要用途：用于百色市田阳区中小学的智慧教育建设,https://www.ggzy.gov.cn/information/deal/html/b/450000/0201/20260727/0045410123a76dff4d17a0cc22a19d5e57d6.html,前往官网确认,无明确匹配产品,采购需求原文仅笼统提及“AI+智慧教育”及硬件设备部分，核心需求因附件缺失不可获取，未发现任何与VZOOM企业级AI智能体、财税大模型、AI中台产品可核验的具体需求证据，因此无法匹配。,VZOOM企业级AI智能体：采购需求原文中无任何关于智能体（Agent/Skill）、多智能体协同、工作流编排等企业级AI智能体核心能力的描述，仅有“AI+智慧教育”笼统表述及设备部分采购，无法找到对应证据。（依据：采购需求原文：'具体内容详见本公告附件；' 且抽取结果中核心需求为空，原文未提供详细技术需求。）；VZOOM财税大模型：采购需求原文中无任何关于财税知识库、税务/会计/核算/发票/报销/审计、发票异常识别、财税辅助决策等财税场景能力的描述，项目为中小学智慧教育，与财税无关。（依据：采购需求原文：'用于百色市田阳区中小学的智慧教育建设'，原文无任何财税相关需求表述。）；VZOOM AI中台：采购需求原文中无任何关于AI中台/大模型平台、模型服务、推理平台、异构算力调度、统一数据治理、多智能体协同调度等企业级AI服务底座能力的描述，仅提及设备部分采购，无软件平台需求细节。（依据：采购需求原文：'AI+智慧教育相关的硬件设备及软件服务'，但核心需求因附件缺失无法详述，原文未列出AI中台相关能力。）,业务匹配度不是允许值
陇东学院,教育,陇东学院智能制造场景下的 AI训练与推理工作站采购项目,QYZC2026-0133,2026-08-17 09:00:00,采购标的：AI训练与推理工作站；主要用途：用于智能制造场景下的AI模型本地化训练与推理，支持铜锣自动演奏、果品智能化训练及采摘作业，满足科研、生产与实训需求；核心需求：提供AI模型本地化训练与推理算力、支持铜锣自动演奏、支持果品智能化训练及采摘作业、满足科研、生产与实训需求,https://www.ggzy.gov.cn/information/deal/html/b/620000/0201/20260727/006205e28d5cb88b41d6ad947966590f4ace.html,前往官网确认,无明确匹配产品,产品匹配分析未完成，未自动推断业务结论。,VZOOM企业级AI智能体：产品匹配分析未完成；VZOOM财税大模型：产品匹配分析未完成；VZOOM AI中台：产品匹配分析未完成,业务匹配度不是允许值；产品匹配调用失败
金华市医疗保障中心,医疗卫生,金华市医疗保障中心医疗保障基金智能监管医保项目费用审核AI应用采购项目,前往官网确认,2026-08-17 09:00:00,采购AI应用，用于医疗保障基金智能监管和医保项目费用审核；核心需求包括医保费用审核AI功能和智能监管功能；单项采购，无额外分包,https://www.ggzy.gov.cn/information/deal/html/b/330000/0201/20260724/003380569e43fcd343079807be65d52ebdc1.html,高,VZOOM企业级AI智能体,基于采购原文中的'医保费用审核AI功能'和'智能监管功能'需求，VZOOM企业级AI智能体通过Agent和Skill编排可直接构建此类AI应用，匹配度高；其他产品缺乏对应需求证据。,VZOOM财税大模型：未在采购需求中找到明确的财税知识库、发票异常识别或供应链关联挖掘等财税细分场景要求（依据：采购需求提及医保费用审核AI功能和智能监管功能，但未涉及发票、财务、税务等财税具体场景。）；VZOOM AI中台：未在采购需求中找到算力调度、数据治理、多智能体协同等AI中台能力要求（依据：采购原文仅描述AI应用采购，无任何关于分布式推理、异构算力、统一数据治理或模型服务平台的需求。）,VZOOM企业级AI智能体缺少可在采购原文中核验的匹配证据
银川市自然资源智慧通,政府/政务,银川市自然资源智慧通AI语言大模型项目,CY采2026第62号,2026-08-17,采购标的：AI语言大模型系统以及配套硬件部署、平台安装调试和8套定制智能体；主要用途：为银川市自然资源智慧通提供AI语言大模型功能；核心需求：自合同签订之日起1个月内完成硬件部署、平台安装调试并上线、合同约定期限内交付8套定制智能体全套功能、硬件提供3年整机上门免费维保、软件提供1年免费质保,https://www.ggzy.gov.cn/information/deal/html/b/640000/0201/20260728/00646c3edf53df5149fd87a76767e69f0537.html,中,VZOOM企业级AI智能体,项目核心需求为AI语言大模型系统与8套定制智能体，VZOOM企业级AI智能体可直接满足定制智能体需求并部分支持平台部署，而VZOOM财税大模型与VZOOM AI中台分别因领域不匹配或功能层次不符而无法匹配。,VZOOM财税大模型：未涉及自然资源领域AI语言大模型或通用智能体，缺乏自然语言对话、语言理解等通用AI能力，且项目未提财税相关需求（依据：采购需求：AI语言大模型系统以及配套硬件部署、平台安装调试和8套定制智能体）；VZOOM AI中台：未提供AI语言大模型或定制智能体的直接能力，而是底层算力与调度平台，缺乏语言模型和智能体应用层功能（依据：采购需求：AI语言大模型系统以及配套硬件部署、平台安装调试和8套定制智能体）,VZOOM企业级AI智能体缺少可在采购原文中核验的匹配证据
武汉市东西湖区柏景湾学校柏景湾学校（筹备武汉临空港外国语学校,教育,柏景湾学校（筹备武汉临空港外国语学校（暂定名））AI智慧体育、心理咨询室器材采购项目（第二次,ZCJX-ZFCG-2026（009A）-2,2026-08-17,采购标的：AI智慧体育器材、心理咨询室器材；主要用途：用于学校体育教学及学生心理健康辅导；核心需求：合同签订之日起30个日历天内完成供货及安装、调试、验收合格之日起质保一年,https://www.ggzy.gov.cn/information/deal/html/b/420000/0201/20260726/00429708cf7031a64762be9853cfae9f981a.html,前往官网确认,无明确匹配产品,采购项目为学校AI智慧体育和心理咨询室器材的硬件采购，与VZOOM提供的企业级AI智能体、财税大模型和AI中台等软件平台产品在核心能力上无任何对应关系，缺乏可核验的需求证据，故全部不匹配。,VZOOM企业级AI智能体：采购需求为AI智慧体育器材和心理咨询室器材，原文明确为实物器材采购，未提及任何Agent/Skill、多智能体、知识库、智能问答或业务流程自动化等企业级AI软件能力。（依据：柏景湾学校（筹备武汉临空港外国语学校（暂定名））AI智慧体育、心理咨询室器材采购项目（第二次））；VZOOM财税大模型：采购需求涉及体育教学和心理健康辅导，无任何财税知识库、税务、会计、核算、发票、报销、审计或财税决策相关场景。（依据：用于学校体育教学及学生心理健康辅导）；VZOOM AI中台：采购内容为具体器材的供货安装，不涉及AI中台、大模型平台、模型服务、推理平台、异构算力调度、统一数据治理或多智能体协同调度等软件平台需求；仅采购硬件器材不构成匹配。（依据：AI智慧体育、心理咨询室器材采购；合同签订之日起30个日历天内完成供货及安装、调试）,业务匹配度不是允许值
阿坝师范学院,教育,非遗AI创新设计实验室项目(二次,N5100012026001722,2026-08-14 10:30:00,采购标的：非遗AI创新设计实验室；主要用途：用于非遗创新设计教学和实验,https://www.ggzy.gov.cn/information/deal/html/b/510000/0201/20260724/0051b029e9aabbc0449c9e4dca23058e6f05.html,前往官网确认,无明确匹配产品,本项目采购标的为‘非遗AI创新设计实验室’，用途为教学实验，但核心需求未提供，源文本中无任何证据表明需要企业级AI智能体、财税大模型或AI中台的具体能力，因此均无法匹配。,VZOOM企业级AI智能体：需求中缺少对Agent/Skill、多智能体、知识库/RAG、智能问答/客服/助手、业务流程自动化和AI应用编排等能力的明确提及。（依据：采购原文仅描述‘非遗AI创新设计实验室项目(二次)’及‘用于非遗创新设计教学和实验’，无任何Agent或Skill相关需求。）；VZOOM财税大模型：需求中缺少对财税知识库、税务/会计/核算/发票/报销/审计、发票异常识别或财税辅助决策等任何财税场景能力的提及。（依据：采购原文未涉及任何财税相关词汇，项目背景也为非遗设计教学，与财税场景无关。）；VZOOM AI中台：需求中缺少对AI中台/大模型平台、模型服务、推理平台、异构算力调度、统一数据治理或多智能体协同调度的明确要求。（依据：公告中仅提到‘相关设备、软件’，未指定AI中台或算力调度等能力，也无GPU、服务器等具体资源需求。）,业务匹配度不是允许值
四川省骨科医院,医疗卫生,AI智能问数（智能体）应用服务,N5100012026001434,2026-08-14 09:30:00,前往官网确认,https://www.ggzy.gov.cn/information/deal/html/b/510000/0201/20260723/005143e74ccbeb6241b09152113a32c56f75.html,高,VZOOM企业级AI智能体,项目明确要求AI智能问数（智能体）应用服务，与VZOOM企业级AI智能体在智能问答/助手与Agent能力上高度匹配；而财税大模型和AI中台均无对应需求证据，故不匹配。,VZOOM财税大模型：未涉及财税知识库、税务/会计/核算、发票报销等财税相关需求（依据：采购标的为‘AI智能问数（智能体）应用服务’，用途为‘用于医院智能问数业务’，未提及任何财税场景。）；VZOOM AI中台：未涉及AI中台/大模型平台、模型服务、异构算力调度等平台底座需求（依据：采购内容为‘AI智能问数（智能体）应用服务’（应用服务），未要求提供算力调度、数据治理或多智能体协同底座能力。）,VZOOM企业级AI智能体缺少可在采购原文中核验的匹配证据
AI赋能警务实战体能训测中心,其他,AI赋能警务实战体能训测中心智能化建设,YNZC2026-G1-04453-YNJH-0108,2026-08-14 09:00:00,采购标的：智慧田径场全域感知系统、警务实战技能AI训练系统、标准化智能体测室系统、智慧体育综合管理平台及移动应用、移动执裁与辅助终端、网络基础设施及驻场服务；主要用途：用于警务实战体能训测中心的智能化建设；核心需求：签订合同之日起半年内完成交货、安装及调试、硬件设备质保期自项目验收合格之日起，提供不少于3年免费原厂质保、软件部分提供终身使用权，自验收合格之日起提供不少于5年免费维护、升级与技术支持；模块/标包：智慧田径场全域感知系统、警,https://www.ggzy.gov.cn/information/deal/html/b/530000/0201/20260724/00535aea05785ad04e88909b7b68bc1a7ce7.html,前往官网确认,无明确匹配产品,根据采购需求原文，本项目采购的是智慧田径场感知系统、AI训练系统、体测室系统、体育管理平台、移动终端和网络基础设施，属于体育训练信息化集成项目，未包含企业级AI智能体、财税大模型或AI中台所需的核心软件能力，因此三个产品均无直接或部分匹配的原文证据。,VZOOM企业级AI智能体：采购需求中未提及Agent/Skill、多智能体、知识库/RAG、智能问答/客服/助手、业务流程自动化或AI应用编排等企业级AI智能体核心能力（依据：采购需求为“智慧田径场全域感知系统、警务实战技能AI训练系统、标准化智能体测室系统、智慧体育综合管理平台及移动应用、移动执裁与辅助终端、网络基础设施及驻场服务”，未出现Agent、Skill、工作流编排等关键词。）；VZOOM财税大模型：采购需求中无任何财税相关场景，如财税知识库、税务、会计、核算、发票、报销、审计或供应链关联挖掘等（依据：全部采购内容均为警务体能训测智能化建设，未涉及任何财税领域需求。）；VZOOM AI中台：采购需求中未包含AI中台所需的模型服务、推理平台、异构算力调度、统一数据治理或多智能体协同调度等能力，仅涉及网络基础设施等硬件（依据：采购内容中的“网络基础设施及驻场服务”未体现AI中台核心功能，项目整体为体能训测系统集成，未提及算力调度或模型服务。）,业务匹配度不是允许值
广西富明工程咨询有限公司,其他,AI赋能铝深加工生产线数智化改造项目（重） 预算总金额（元,BSZC2026-G1-310110-GXFM,2026-08-14 09:00:00,采购标的：高速扁线漆包机、立式高速拉丝漆包机；主要用途：用于铝深加工生产线的数智化改造；核心需求：自合同签订之日起90天内交货并安装调试完毕,https://www.ggzy.gov.cn/information/deal/html/b/450000/0201/20260724/00456cd588231ddf4effa6f3a89a9d750cf1.html,前往官网确认,无明确匹配产品,采购项目实际需求为高速扁线漆包机、立式高速拉丝漆包机等硬件设备的采购与安装调试，系统原文中未提及任何与AI智能体、大模型、知识库或多智能体协同相关的软件能力需求，因此三个VZOOM产品均无法匹配。,VZOOM企业级AI智能体：采购需求中未涉及任何Agent/Skill、多智能体、知识库/RAG、智能问答、业务流程自动化或AI应用编排等企业级AI智能体能力要求（依据：采购标的：高速扁线漆包机、立式高速拉丝漆包机）；VZOOM财税大模型：采购需求中未涉及财税知识库、税务/会计/核算/发票/报销/审计、发票异常识别或财税场景下的供应链关联挖掘等财税大模型能力要求（依据：采购标的：高速扁线漆包机、立式高速拉丝漆包机）；VZOOM AI中台：采购需求中未涉及AI中台/大模型平台、模型服务、推理平台、异构算力调度、统一数据治理或多智能体协同调度等AI中台能力要求（依据：采购标的：高速扁线漆包机、立式高速拉丝漆包机）,业务匹配度不是允许值
红河学院,教育,红河学院平安校园AI基座智慧防控体系建设项目,YNZC2026-G1-04398-YNHH-0027,2026-08-14 09:00:00,采购标的：平安校园AI基座智慧防控体系；主要用途：用于红河学院校园安全防控；核心需求：合同签订后60日历天内完成交货、安装、调试、验收，并交付使用,https://www.ggzy.gov.cn/information/deal/html/b/530000/0201/20260723/00537fea926495fb457e87ca9fe0e11d356f.html,前往官网确认,无明确匹配产品,采购需求仅提及“平安校园AI基座智慧防控体系”，但未提供任何具体软件能力或技术指标细节，无法与VZOOM企业级AI智能体、财税大模型、AI中台的特定功能建立可核验的匹配关系。,VZOOM企业级AI智能体：采购需求中未涉及任何Agent/Skill、多智能体、智能问答、业务流程自动化或AI应用编排等企业级AI智能体核心能力。原文仅描述“平安校园AI基座智慧防控体系”，但未提供具体技术参数或需求细节。（依据：“采购内容、具体参数要求详见招标文件第五章‘项目需求及技术要求’。”）；VZOOM财税大模型：采购需求为校园安全防控，与财税知识库、税务/会计/核算/发票/报销/审计、发票异常识别、财税辅助决策等财税大模型核心能力无任何关联。（依据：“本项目为红河学院平安校园AI基座智慧防控体系建设项目，采购内容、具体参数要求详见招标文件第五章‘项目需求及技术要求’。”）；VZOOM AI中台：采购需求中未明确需要AI中台/大模型平台、模型服务、推理平台、异构算力调度、统一数据治理或多智能体协同调度等能力，且项目可能仅涉及硬件交付（交货、安装、调试），未体现对AI软件底座的需求。（依据：“合同签订后60日历天内完成交货、安装、调试、验收，并交付使用。”）,业务匹配度不是允许值
海棠区公办初中防校园欺凌,其他,海棠区公办初中防校园欺凌AI语音监控项目,ZZYGJ-SY2026-F072481,2026-08-13 15:30:00,采购标的：防校园欺凌AI语音监控系统（其他信息化设备）；主要用途：用于海棠区公办初中校园安全监控，预防校园欺凌；核心需求：AI语音监控功能，合同签订后30天内完成安装调试；模块/标包：单一采购包,https://www.ggzy.gov.cn/information/deal/html/b/460000/0201/20260727/00464ce72385ce574435bfcc05cf2ccafe34.html,前往官网确认,无明确匹配产品,采购需求为防校园欺凌AI语音监控系统（含信息化设备），核心功能为AI语音监控，未涉及企业级AI智能体、财税大模型或AI中台所对应的软件平台、模型服务、知识库、多智能体协同等能力，因此三个产品均不匹配。,VZOOM企业级AI智能体：缺少 Agent/Skill、多智能体、知识库/RAG、智能问答/客服/助手、业务流程自动化和 AI 应用编排等核心企业级AI智能体能力（依据：防校园欺凌AI语音监控系统（含信息化设备））；VZOOM财税大模型：缺少财税知识库、税务/会计/核算/发票/报销/审计、发票异常识别、财税辅助决策和财税场景下的供应链关联挖掘等财税领域核心能力（依据：防校园欺凌AI语音监控系统（含信息化设备））；VZOOM AI中台：缺少 AI 中台/大模型平台、模型服务、推理平台、异构算力调度、统一数据治理、多智能体协同调度及企业级 AI 服务底座等关键能力，且未涉及软件平台需求（依据：防校园欺凌AI语音监控系统（含信息化设备））,业务匹配度不是允许值
绍兴达城项目管理有限公司,其他,绍兴市公安局“云上警保”及公安PAY系统适配改造、AI助手建设项目,前往官网确认,2026-08-13 09:30:00,采购标的：系统适配改造、“云上警保”财务报账模块升级、AI助手建设；主要用途：用于绍兴市公安局的云上警保及公安PAY系统适配改造和AI助手建设；模块/标包：系统适配改造、“云上警保”财务报账模块升级,https://www.ggzy.gov.cn/information/deal/html/b/330000/0201/20260724/003340a5323151f84f7a924cc25372ae0a93.html,前往官网确认,无明确匹配产品,产品匹配分析未完成，未自动推断业务结论。,VZOOM企业级AI智能体：产品匹配分析未完成；VZOOM财税大模型：产品匹配分析未完成；VZOOM AI中台：产品匹配分析未完成,业务匹配度不是允许值；产品匹配调用失败
新疆农业职业技术大学,教育,现代种业技术专业群AIGC电商直播基地采购项目,XJDW-ZB-2026043-1,2026-08-12 11:30:00,采购标的：AIGC电商直播基地硬件设备与软件平台；主要用途：用于现代种业技术专业群教学实训，提升学生AI营销、直播带货、数据分析等岗位技能，服务区域经济发展，为产教融合产业学院建设提供基础支撑；核心需求：硬件包括中心开放式展厅、AI数字内容创作与短视频生产区、综合品类直播间、企业运营赋能工作场共4大区域设备、软件包括云原生与大模型算力一体机、智能营销实战平台、数字化私域运营实战平台、智能体商城实战平台、数智治理与分析系统（CDP）共5套,https://www.ggzy.gov.cn/information/deal/html/b/650000/0201/20260723/006500fdc7e9b96844b0834c116ef8dd38ad.html,高,VZOOM企业级AI智能体,采购项目明确要求采购‘智能体商城实战平台’，该平台与VZOOM企业级AI智能体的Agent×Skill双引擎能力直接对应，可满足教学实训中AI营销、直播带货等岗位技能培养需求；而VZOOM财税大模型和VZOOM AI中台在采购原文中未找到对应的业务功能或平台需求证据，因此不予匹配。,VZOOM财税大模型：（依据：软件包括云原生与大模型算力一体机、智能营销实战平台、数字化私域运营实战平台、智能体商城实战平台、数智治理与分析系统（CDP）共5套平台）；VZOOM AI中台：（依据：硬件包括中心开放式展厅、AI数字内容创作与短视频生产区、综合品类直播间、企业运营赋能工作场共4大区域设备；包括云原生与大模型算力一体机、智能营销实战平台、数字化私域运营实战平台、智能体商城实战平台、数智治理与分析系统（CDP）共5套平台）,VZOOM企业级AI智能体缺少可在采购原文中核验的匹配证据
重庆市潼南区教育委员会,政府/政务,义务教育薄弱环节改善与能力提升项目AI分析教室建设及配套服务项目,TNQ26A00517,2026-08-10 14:30:00,采购标的：AI分析教室建设及配套服务；主要用途：用于义务教育薄弱环节改善与能力提升,https://www.ggzy.gov.cn/information/deal/html/b/500000/0201/20260727/005010e7f07a6cad472c9da52019208b3f2d.html,前往官网确认,无明确匹配产品,采购项目未提供AI分析教室的具体技术需求，未明确需要任何软件平台或AI模型能力，根据规则8、9、10，三个VZOOM产品均缺乏可核验的匹配依据，故判定为不匹配。,VZOOM企业级AI智能体：采购需求未提及任何Agent/Skill、多智能体、知识库/RAG、智能问答/客服/助手或AI应用编排等企业级AI智能体核心能力需求（依据：采购AI分析教室建设及配套服务一批，用于义务教育薄弱环节改善与能力提升；具体核心要求及模块详见磋商文件。）；VZOOM财税大模型：采购需求未提及财税知识库、税务/会计/核算/发票/报销/审计、发票异常识别或财税辅助决策等财税大模型相关功能需求（依据：采购AI分析教室建设及配套服务一批，用于义务教育薄弱环节改善与能力提升；具体核心要求及模块详见磋商文件。）；VZOOM AI中台：采购需求未提及AI中台/大模型平台、模型服务、推理平台、异构算力调度、统一数据治理或多智能体协同调度等AI中台核心能力；仅采购AI分析教室建设（可能涉及硬件设备），不构成匹配（依据：采购AI分析教室建设及配套服务一批，用于义务教育薄弱环节改善与能力提升；具体核心要求及模块详见磋商文件。）,业务匹配度不是允许值
万源市疾病预防控制中心,其他,便携式DR（含AI辅助）设备采购项目,N5117812026000141,2026-08-07 10:30:00,采购标的：便携式DR（含AI辅助）设备；主要用途：用于疾病预防控制中心的医用X线诊断；核心需求：合同签订之日起30日历天内完成交付,https://www.ggzy.gov.cn/information/deal/html/b/510000/0201/20260727/00516ffbad981abc4d238a72e36b74719148.html,前往官网确认,无明确匹配产品,项目为医疗影像设备（便携式DR）采购，AI辅助仅为设备内置功能，未体现对企业级AI智能体、财税大模型或AI中台的任何需求，因此三个产品均不匹配。,VZOOM企业级AI智能体：采购需求中未提及Agent/Skill、多智能体、知识库/RAG、智能问答/客服/助手、业务流程自动化或AI应用编排等企业级AI智能体能力。项目仅为便携式DR设备采购，AI辅助功能为设备内置功能，无上述软件平台需求。（依据：便携式DR（含AI辅助）设备采购项目 的潜在供应商应在四川省政府采购一体化平台项目电子化交易系统获取采购文件 采购需求：详见采购需求附件 采购品目：A02321200医用 X 线诊断设备）；VZOOM财税大模型：采购需求中未涉及财税知识库、税务/会计/核算/发票/报销/审计、发票异常识别、财税辅助决策或财税场景下的供应链关联挖掘等能力。项目为医用X线诊断设备采购，与财税领域无关。（依据：采购便携式DR（含AI辅助）设备，用于疾病预防控制中心的医用X线诊断）；VZOOM AI中台：采购需求中未提及AI中台/大模型平台、模型服务、推理平台、异构算力调度、统一数据治理、多智能体协同调度或企业级AI服务底座。本项目仅采购硬件设备（便携式DR），不涉及算力、数据治理或AI平台建设。（依据：采购品目：A02321200医用 X 线诊断设备 合同履行期限：采购包1：合同签订之日起30日历天）,业务匹配度不是允许值
延安职业技术学院,教育,数字综合服务基础平台（ AI融合门户）项目,JRZC-2026017,2026-08-07 10:00:00,采购标的：数字综合服务基础平台（AI融合门户）；主要用途：为延安职业技术学院提供数字综合服务基础平台，融合AI能力，提升信息化服务水平；核心需求：详见采购文件,https://www.ggzy.gov.cn/information/deal/html/b/610000/0201/20260727/0061d7f8d582e0d747b7bf5b86ae729c8d8b.html,前往官网确认,无明确匹配产品,采购公告仅提及“数字综合服务基础平台（AI融合门户）”，核心需求均指向“详见采购文件”，无具体技术规格或功能描述，无法从原文逐字引用任何与VZOOM三个产品核心能力（企业级AI智能体、财税大模型、AI中台）直接或部分匹配的证据。根据匹配规则，所有产品得分均低于40，判定为不匹配。,VZOOM企业级AI智能体：采购原文中未提及Agent/Skill、多智能体、工作流编排、业务流程自动化等企业级AI智能体核心能力需求（依据：原文仅描述“数字综合服务基础平台（AI融合门户）”，未指定任何智能体相关功能或场景。核心需求为“详见采购文件”，但文本中无具体内容。）；VZOOM财税大模型：采购原文中未提及财税知识库、发票/税务/会计/报销/审计、发票异常识别、财税辅助决策或供应链关联挖掘等财税垂直能力需求（依据：原文仅描述“数字综合服务基础平台（AI融合门户）”，未出现任何财税领域关键词或财税场景需求。核心需求为“详见采购文件”，但文本中无具体内容。）；VZOOM AI中台：采购原文中未提及AI中台/大模型平台、模型服务、推理平台、异构算力调度、统一数据治理或多智能体协同调度等AI底座能力需求，也未提及GPU、服务器等硬件以外的AI软件平台需求（依据：原文仅描述“数字综合服务基础平台（AI融合门户）”，未明确需要AI中台或模型服务能力。核心需求为“详见采购文件”，但文本中无具体内容。）,业务匹配度不是允许值
延安职业技术学院,教育,智慧大脑上报及 AI数据治理服务项目,SXKL2026-CGXM-02,2026-08-05 10:00:00,采购标的：智慧大脑上报及AI数据治理服务；主要用途：用于延安职业技术学院的智慧大脑数据上报和AI数据治理工作；核心需求：自签订合同后90个日历天内完成安装、调试等相关工作，交付采购人验收合格,https://www.ggzy.gov.cn/information/deal/html/b/610000/0201/20260723/006136a49d4b0d5443cb81dab46bcf1741d8.html,前往官网确认,无明确匹配产品,采购原文未提供任何与VZOOM现有产品能力可核验对应的具体业务功能、交付成果或平台能力描述，无法形成产品匹配。,VZOOM企业级AI智能体：（依据：采购原文仅描述“智慧大脑上报及AI数据治理服务”，无相关功能要求。）；VZOOM财税大模型：（依据：采购原文未提及任何财税相关词汇。）；VZOOM AI中台：（依据：采购原文仅有“AI数据治理服务”短语，但无平台建设或底座相关具体要求。）,业务匹配度不是允许值
深圳市人民医院,医疗卫生,深圳市人民医院AI辅助诊断系统采购,SZCG2026000831,2026-08-05 08:30:00,采购标的：AI辅助诊断系统；主要用途：辅助诊断,https://www.ggzy.gov.cn/information/deal/html/b/440000/0201/20260724/0044196bc16762cc48c6bf6526637952b1fe.html,前往官网确认,无明确匹配产品,采购项目为医疗领域的AI辅助诊断系统，采购原文中仅提及项目名称和标的，核心需求及技术规格为“详见招标文件”，缺乏任何与VZOOM三款产品核心能力（企业级AI智能体、财税大模型、AI中台）直接对应的原文证据，因此所有产品得分均低于40，无匹配产品。,VZOOM企业级AI智能体：采购需求未提及Agent/Skill、多智能体、知识库/RAG、智能问答/客服/助手、业务流程自动化或AI应用编排等企业级AI智能体所需能力。（依据：采购需求原文：'深圳市人民医院AI辅助诊断系统采购'，核心需求'详见招标文件'，未明确具体智能体能力。）；VZOOM财税大模型：采购需求未涉及财税知识库、税务/会计/核算/发票/报销/审计、发票异常识别、财税辅助决策或供应链关联挖掘等财税场景能力。（依据：采购需求原文仅提及'AI辅助诊断系统'，与财税大模型完全无关。）；VZOOM AI中台：采购需求未涉及AI中台/大模型平台、模型服务、推理平台、异构算力调度、统一数据治理或多智能体协同调度等能力；仅为具体应用系统采购，非AI底座平台。（依据：采购需求原文：'AI辅助诊断系统'，无AI中台相关需求描述。）,业务匹配度不是允许值
深圳信息职业技术大学,教育,创新型AI数智人才培养基地-实训室基础设施与环境提升项目二期（装修,SZDL2026001271,2026-08-04 14:00:00,采购标的：实训室基础设施与环境提升项目二期（装修）；主要用途：用于创新型AI数智人才培养基地的实训室基础设施建设和环境提升,https://www.ggzy.gov.cn/information/deal/html/b/440000/0201/20260724/0044098776f0cbe74f40a82db2db1cf6d1ed.html,前往官网确认,无明确匹配产品,项目为实训室装修工程，核心需求为建筑装修装饰工程专业承包二级及以上资质，未涉及AI智能体、财税模型或AI中台等软件能力需求，因此三个产品均无法匹配。,VZOOM企业级AI智能体：项目为实体装修，未提及任何Agent、Skill、智能问答、流程自动化或AI应用编排等企业级AI智能体相关需求（依据：创新型AI数智人才培养基地-实训室基础设施与环境提升项目二期（装修）采购项目 采购标的：实训室基础设施与环境提升项目二期（装修）；主要用途：为AI数智人才培养基地提供实训室装修；核心需求：详见招标文件；模块/标包：无）；VZOOM财税大模型：项目为装修工程，未提及财税知识库、发票识别、税务会计审计或财税辅助决策等任何财税场景需求（依据：创新型AI数智人才培养基地-实训室基础设施与环境提升项目二期（装修）采购项目 采购标的：实训室基础设施与环境提升项目二期（装修）；主要用途：为AI数智人才培养基地提供实训室装修；核心需求：详见招标文件；模块/标包：无）；VZOOM AI中台：项目为装修工程，未提及AI中台、大模型平台、推理平台、异构算力调度、统一数据治理或多智能体协同调度等AI中台能力，且不满足仅采购硬件或装修不构成匹配的规则（依据：创新型AI数智人才培养基地-实训室基础设施与环境提升项目二期（装修）采购项目 采购标的：实训室基础设施与环境提升项目二期（装修）；主要用途：为AI数智人才培养基地提供实训室装修；核心需求：详见招标文件；模块/标包：无）,业务匹配度不是允许值
察哈尔右翼前旗职业中学,教育,AI赋能智慧校园教学建设,WSZCQQ-C-F-260011,2026-08-04 09:30:00,前往官网确认,https://www.ggzy.gov.cn/information/deal/html/b/150000/0201/20260724/0015c0c2e71d792f454e817ffc3c3816d068.html,前往官网确认,无明确匹配产品,所有三个产品均无对应的采购需求原文证据，项目仅笼统提及'AI赋能智慧校园教学建设'，未提供任何具体技术规格或功能要求，无法确认任何产品能力与需求直接或部分匹配。,VZOOM企业级AI智能体：缺少任何关于Agent/Skill、多智能体、知识库/RAG、智能问答/客服/助手、业务流程自动化或AI应用编排的需求描述（依据：采购标的为AI赋能智慧校园教学建设（基础软件开发服务）；核心需求及技术参数详见采购文件）；VZOOM财税大模型：缺少任何关于财税知识库、税务/会计/核算/发票/报销/审计、发票异常识别、财税辅助决策或供应链关联挖掘的需求描述（依据：采购标的为AI赋能智慧校园教学建设（基础软件开发服务）；主要用途是智慧校园教学）；VZOOM AI中台：缺少任何关于AI中台/大模型平台、模型服务、推理平台、异构算力调度、统一数据治理或多智能体协同调度的需求描述（依据：采购标的为AI赋能智慧校园教学建设（基础软件开发服务）；核心需求及技术参数详见采购文件）,业务匹配度不是允许值
闽北职业技术学院,教育,AI技术应用与创新中心,350701]ZZD[XJ]2026001,2026-08-04 09:30:00,前往官网确认,https://www.ggzy.gov.cn/information/deal/html/b/350000/0201/20260724/0035178b7314a00b41b0bb3a5f8da3782175.html,前往官网确认,无明确匹配产品,采购标的为VR一体机、PCVR头显、高性能渲染台式机、AI数字人绿幕直播实训套装等信息化设备和终端设备，以及装修工程，未体现任何与VZOOM企业级AI智能体、财税大模型或AI中台相关的软件平台或能力需求，所有产品均无法匹配。,VZOOM企业级AI智能体：采购需求中未提及Agent/Skill、多智能体、知识库/RAG、智能问答/客服/助手、业务流程自动化或AI应用编排等企业级AI智能体核心能力。（依据：包括VR一体机、PCVR头显等，具体详见后期采购方案；包括高性能渲染台式机、AI数字人绿幕直播实训套装等，具体详见后期采购方案；包括拆除、清运与装修。）；VZOOM财税大模型：采购需求中未涉及财税知识库、税务/会计/核算/发票/报销/审计、发票异常识别、财税辅助决策或供应链关联挖掘等财税场景需求。（依据：包括VR一体机、PCVR头显等，具体详见后期采购方案；包括高性能渲染台式机、AI数字人绿幕直播实训套装等，具体详见后期采购方案。）；VZOOM AI中台：采购需求中未要求AI中台/大模型平台、模型服务、推理平台、异构算力调度、统一数据治理或多智能体协同调度等企业级AI服务底座能力，仅采购硬件设备与装修。（依据：包括VR一体机、PCVR头显等；包括高性能渲染台式机、AI数字人绿幕直播实训套装等；包括拆除、清运与装修。）,业务匹配度不是允许值
山东外贸职业学院,教育,山东外贸职业学院AI跨领域实训效能评价系统采购项目（11008,SDGP370000000202602006467,2026-08-03 14:00:00,采购标的：AI跨领域实训效能评价系统；主要用途：用于跨领域实训效能评价；模块/标包：AI跨领域实训效能评价系统,https://www.ggzy.gov.cn/information/deal/html/b/370000/0201/20260723/00372c7fe19c077443a690ac2d185bbab967.html,前往官网确认,无明确匹配产品,所有产品均未在采购需求原文中找到明确对应的能力证据，无法进行有效匹配。,VZOOM企业级AI智能体：采购需求未提及需要Agent/Skill、多智能体、业务流程自动化或AI应用编排等企业级AI智能体核心能力。（依据：采购标的仅为“AI跨领域实训效能评价系统”，原文无相关功能描述。）；VZOOM财税大模型：采购需求未涉及财税知识库、发票识别、税务会计等财税领域能力。（依据：采购标的为“AI跨领域实训效能评价系统”，不属于财税场景。）；VZOOM AI中台：采购需求未要求模型服务、推理平台、异构算力调度或AI中台底座能力。（依据：采购预算21万元且仅描述为“AI跨领域实训效能评价系统”，未体现中台级平台需求。）,业务匹配度不是允许值
江西工业工程职业技术学院,教育,江西工业工程职业技术学院校园监控AI智能升级项目,JXTC2026200217,2026-08-03 09:30:00,采购标的：校园监控AI智能升级相关的设备及服务（其他信息化设备）；主要用途：用于校园监控系统的智能化升级改造；核心需求：合同签订后30天内完成交货并调试完成,https://www.ggzy.gov.cn/information/deal/html/b/360000/0201/20260726/00366a80d6d812b84ff58a476101f940efeb.html,前往官网确认,无明确匹配产品,项目为校园监控AI智能升级的设备及服务采购，核心需求为30天内交货调试，未涉及任何VZOOM产品所对应的软件平台、模型服务或垂域应用能力，因此三个产品均无法匹配。,VZOOM企业级AI智能体：项目未提及Agent/Skill双引擎、多智能体协同、知识库/RAG、智能问答/客服/助手、业务流程自动化或AI应用编排等任何企业级AI智能体核心能力需求。（依据：采购校园监控AI智能升级所需的设备及服务，用于提升校园监控智能化水平）；VZOOM财税大模型：项目完全无财税领域相关需求，未涉及财税知识库、税务/会计/核算/发票/报销/审计、发票异常识别或财税辅助决策等能力。（依据：采购校园监控AI智能升级所需的设备及服务，用于提升校园监控智能化水平）；VZOOM AI中台：项目未要求AI中台/大模型平台、模型服务、推理平台、异构算力调度、统一数据治理或多智能体协同调度等能力，仅为监控设备及服务采购。（依据：采购校园监控AI智能升级所需的设备及服务，用于提升校园监控智能化水平）,业务匹配度不是允许值
中晨博瑞（广西）工程咨询有限公司,其他,天等县2026年城西小学人工智能教育试点项目,CZZC2026-J1-250122-ZCBR,2026-08-03 09:30:00,采购标的：人工智能教育软硬件及配套设施，包括AI备课系统、课堂智能反馈系统、学生观察摄像机、智慧黑板、设计装修、人工智能系列课程及配套硬件、人工智能算力终端；主要用途：用于天等县城西小学开展人工智能教育试点；核心需求：提供AI备课系统、课堂智能反馈系统、学生观察摄像机、智慧黑板、设计装修、人工智能系列课程及配套硬件、人工智能算力终端等、自签订合同之日起30日内交货安装和调试完毕验收合格并交付使用、本项目专门面向中小企业采购；模块/标包：,https://www.ggzy.gov.cn/information/deal/html/b/450000/0201/20260728/0045ae0e1cd73fea46469769bb241fea566b.html,前往官网确认,无明确匹配产品,采购项目为小学人工智能教育试点，需采购AI备课、课堂反馈、摄像机、黑板、装修、课程及算力终端等具体软硬件及服务，未体现与VZOOM企业级AI智能体、财税大模型、AI中台产品核心能力对应的需求，因此无法匹配。,VZOOM企业级AI智能体：（依据：原文采购清单为'AI备课1套、课堂智能反馈系统1套、学生观察摄像机3台、智慧黑板1套、设计及装修1项、人工智能系列课程及配套硬件、人工智能算力终端等'，未出现相关功能描述。）；VZOOM财税大模型：（依据：采购原文整体为教育试点项目，无财税内容。）；VZOOM AI中台：（依据：原文仅提到'人工智能算力终端'，属于硬件设备，未提及软件平台或企业AI服务底座。）,业务匹配度不是允许值
青海省湟源公路总段,其他,青海省湟源公路总段AI道路巡检设备采购,北京中交询价（货物）2026-039,2026-07-31 09:00:00,采购标的：AI道路巡检设备；主要用途：用于青海省湟源公路总段的道路巡检工作,https://www.ggzy.gov.cn/information/deal/html/b/630000/0201/20260723/0063cbbbcc2a261f43d3a60d8253f610f923.html,前往官网确认,无明确匹配产品,采购项目为AI道路巡检设备硬件采购，预算114万元，采购原文仅提及设备采购和道路巡检用途，未提出任何与VZOOM三款产品对应的软件平台或AI服务需求，因此所有产品均无法匹配。,VZOOM企业级AI智能体：采购需求中未提及任何关于Agent/Skill、多智能体、知识库/RAG、智能问答/客服/助手、业务流程自动化或AI应用编排等企业级AI智能体所需的关键能力，仅涉及AI道路巡检设备硬件采购。（依据：采购AI道路巡检设备1批，预算114万元，用于道路巡检；核心要求详见招标文件）；VZOOM财税大模型：采购需求完全未涉及财税知识库、税务/会计/核算/发票/报销/审计、发票异常识别、财税辅助决策或供应链关联挖掘等财税大模型核心功能。（依据：采购AI道路巡检设备1批，预算114万元，用于道路巡检；核心要求详见招标文件）；VZOOM AI中台：采购需求中未提及AI中台/大模型平台、模型服务、推理平台、异构算力调度、统一数据治理或多智能体协同调度等AI中台能力，仅涉及AI道路巡检设备硬件采购，不构成AI中台匹配。（依据：采购AI道路巡检设备1批，预算114万元，用于道路巡检；核心要求详见招标文件）,业务匹配度不是允许值
河北省盐山中学,教育,盐山中学数智化AI赋能教学量化与质量提升设备购置项目 招标方式：竞争性谈判,HB2026073600140002,2026-07-29 09:00:00,采购标的：数智化AI赋能教学量化与质量提升设备；主要用途：用于教学量化与质量提升；核心需求：实现数智化AI赋能教学量化与质量提升功能、合同签订后30日历日内完成所有货物安装调试并交付使用,https://www.ggzy.gov.cn/information/deal/html/b/130000/0201/20260723/00132fbd1101875a45f490e1966405006f5b.html,前往官网确认,无明确匹配产品,采购项目为设备购置，需求中仅提及‘数智化AI赋能教学量化与质量提升设备’，无具体软件平台或AI能力描述，三个产品均无法在采购原文中找到对应证据，判定为不匹配。,VZOOM企业级AI智能体：缺少AI智能体相关需求证据，如Agent/Skill、多智能体、知识库/RAG、智能问答等软件能力需求（依据：数智化AI赋能教学量化与质量提升设备购置）；VZOOM财税大模型：缺少财税大模型相关需求证据，如财税知识库、税务/会计/核算/发票/报销/审计等场景需求（依据：数智化AI赋能教学量化与质量提升设备购置）；VZOOM AI中台：缺少AI中台相关需求证据，如模型服务平台、异构算力调度、统一数据治理、多智能体协同调度等（依据：数智化AI赋能教学量化与质量提升设备购置）,业务匹配度不是允许值
台州市黄岩永宁工投科技有限公司,互联网/科技,澄江AI智造基地项目,前往官网确认,前往官网确认,前往官网确认,https://www.ggzy.gov.cn/information/deal/html/b/330000/0101/20260728/003320c3f57bc34e45d99f4c701fa09d844a.html,前往官网确认,无明确匹配产品,采购需求为纯粹的土建、安装及室外配套工程施工，未涉及任何企业级AI智能体、财税大模型或AI中台相关的软件能力需求，因此三个产品均无法匹配。,VZOOM企业级AI智能体：采购需求中无任何关于AI智能体、Agent、Skill、业务流程自动化或AI应用编排的需求（依据：采购标的：澄江AI智造基地项目的施工；主要用途：建设AI智造基地的厂房及配套设施；核心需求：投标人须具备建筑工程施工总承包三级及以上资质，施工工期570日历天）；VZOOM财税大模型：采购需求中无任何关于财税知识库、税务、会计、核算、发票、报销、审计或财税辅助决策的需求（依据：采购标的：澄江AI智造基地项目的施工；主要用途：建设AI智造基地的厂房及配套设施；核心需求：投标人须具备建筑工程施工总承包三级及以上资质，施工工期570日历天）；VZOOM AI中台：采购需求中无任何关于AI中台、大模型平台、模型服务、推理平台、异构算力调度、统一数据治理或多智能体协同调度的需求，仅涉及土建安装施工（依据：采购标的：澄江AI智造基地项目的施工；主要用途：建设AI智造基地的厂房及配套设施；核心需求：投标人须具备建筑工程施工总承包三级及以上资质，施工工期570日历天）,业务匹配度不是允许值
前往官网确认,交通物流,国资委科研项目（编号：2023020) 城市轨道交通行业大模型研发--AI应用以及资源统筹管理平台-国资委科研项目（编号：2023020）城市轨道交通行业大模型研发--AI应用以及资源统筹管理平台,ZHCG2026072206400001,前往官网确认,采购标的：城市轨道交通行业大模型研发、AI应用以及资源统筹管理平台；主要用途：用于城市轨道交通行业的AI应用开发和资源统筹管理,https://www.ggzy.gov.cn/information/deal/html/b/310000/9001/20260723/003189979beb56ac4a1c88c8ec465af30b40.html,高,VZOOM AI中台、VZOOM企业级AI智能体,项目核心需求为城市轨道交通行业大模型研发及AI应用资源统筹管理，VZOOM AI中台直接匹配资源统筹管理和大模型研发底座需求，VZOOM企业级AI智能体部分匹配AI应用开发需求，财税大模型无对应需求。,VZOOM财税大模型：项目未涉及财税知识库、发票异常识别、税务/会计/核算/发票/报销/审计等财税场景需求（依据：采购原文仅提及城市轨道交通行业大模型研发与AI应用资源统筹管理，无任何财税相关术语或场景描述。）,VZOOM AI中台缺少可在采购原文中核验的匹配证据；模型匹配度为高，但其可核验证据分数对应中
